Train_Station,Street_Name,Street_Type,Entrance_Type,LAT,LONG,Exit_Number
Aberdeen,Macqueen,St,Stairs,-32.16689969,150.8919751,
Aberdeen,Macqueen,St,Ramp,-32.16688641,150.8919573,
Adamstown,Park,Ave,Path,-32.9337056,151.7204518,
Adamstown,St James,Rd,Stairs,-32.93341396,151.7203632,
Adamstown,St James,Rd,Ramp,-32.93340162,151.7203474,
Adamstown,Park,Ave,Path,-32.93382729,151.7202364,
Albion Park,Burroo,St,Ramp,-34.56340933,150.79939,
Albion Park,Princes,Hwy,Ramp,-34.56350712,150.7991893,
Albion Park,Princes,Hwy,Stairs,-34.56293995,150.798574,
Albion Park,Princes,Hwy,Ramp,-34.56278202,150.7984185,
Allawah,Railway,Pde,Ramp,-33.96996874,151.1149448,
Allawah,Roberts,Lane,Ramp,-33.96953727,151.1146945,
Allawah,Roberts,Lane,Stairs,-33.96949011,151.1145667,
Allawah,Railway,Pde,Lift,-33.96987782,151.1144352,
Allawah,Railway,Pde,Ramp,-33.96988689,151.1142405,
Arlington LR,Grove,St,Path,-33.9020453,151.1381593,
Arlington LR,Constitution,Rd,Path,-33.9020497,151.1380434,
Arncliffe,The Arcade,,Stairs,-33.93692447,151.1474278,
Arncliffe,The Arcade,,Lift,-33.93696302,151.1474227,
Arncliffe,Firth,St,Lift,-33.93677457,151.1468602,
Arncliffe,Firth,St,Stairs,-33.93671781,151.1468509,
Artarmon,Valetta,Lane,Ramp,-33.80823377,151.1847419,
Artarmon,Hampden,Rd,Lift,-33.80875941,151.1847201,
Artarmon,Hampden,Rd,Stairs,-33.80854065,151.1844285,
Ashfield,Station,St,Lift,-33.88744211,151.1259581,
Ashfield,Station,St,Stairs,-33.88739665,151.1258025,
Ashfield,Brown,St,Lift,-33.88789161,151.1257974,
Ashfield,Brown ,St,Stairs,-33.887775,151.1255397,
Asquith,Haldane,St,Path,-33.68869132,151.1082656,
Asquith,Pacific,Hwy,Ramp,-33.68848916,151.1079991,
Auburn,Rawson,St,Ramp,-33.8492876,151.0332914,
Auburn,South,Pde,Stairs,-33.849663,151.0329192,
Auburn,South,Pde,Ramp,-33.84946375,151.0327209,
Austinmer,Gilchrist,St,Path,-34.3065205,150.9293511,
Austinmer,Railway,Ave,Path,-34.30650136,150.9289071,
Awaba,Adelaide,St,Ramp,-33.0129167,151.5421589,
Awaba,Adelaide,St,Path,-33.01291676,151.5421328,
Awaba,Wilton,Rd,Ramp,-33.01310914,151.5420747,
Banksia,Hattersley,St,Ramp,-33.94490035,151.140849,
Banksia,Railway,St,Ramp,-33.94479129,151.1404987,
Banksia,Railway,St,Stairs,-33.94488347,151.1404482,
Bankstown,North,Tce,Ramp,-33.91768635,151.0342697,
Bankstown,Bankstown City,Plza,Path,-33.91805216,151.03411,
Bankstown,Bankstown City,Plza,Path,-33.91778824,151.0337625,
Bardwell Park,Hartill Law,Ave,Stairs,-33.93137824,151.125379,
Bargo,Great Southern,Rd,Path,-34.29097858,150.5801756,
Bargo,Great Southern,Rd,Ramp,-34.29098411,150.5801501,
Bargo,Railside,Ave,Ramp,-34.29100778,150.5800205,
Bargo,Railside,Ave,Path,-34.29104476,150.5800077,
Beecroft,Sutherland,Rd,Path,-33.74921627,151.0667339,
Beecroft,Wongala,Cres,Path,-33.74904472,151.0663377,
Beecroft,Wongala,Cres,Path,-33.74923381,151.0662247,
Bell,Sandham ,Rd,Ramp,-33.5061656,150.2793612,
Bell,Chiefley,Rd,Stairs,-33.50623435,150.2790794,
Bellambi,Bellambi,Lane,Ramp,-34.36261281,150.9101311,
Belmore,Burwood,Rd,Lift,-33.91724884,151.0883372,
Belmore,Burwood,Rd,Stairs,-33.91722736,151.0883244,
Berala,Campbell,St,Path,-33.8719773,151.0328288,
Berala,Woodburn,Rd,Path,-33.87139384,151.0323272,
Beresfield,Lawson,Ave,Stairs,-32.79940714,151.6585784,
Beresfield,Addison,St,Stairs,-32.79958398,151.658334,
Beresfield,Addison,St,Lift,-32.79947121,151.6581617,
Berowra,Pacific,Hwy,Ramp,-33.62291449,151.1535638,
Berowra,Pacific,Hwy,Ramp,-33.62300205,151.1531421,
Berry,Station,Rd,Path,-34.78027342,150.6967235,
Beverly Hills,King Georges,Rd,Stairs,-33.94914069,151.0808676,
Beverly Hills,King Georges,Rd,Lift,-33.94913026,151.0808291,
Beverly Hills,King Georges,Rd,Stairs,-33.94926254,151.0804784,
Bexley North,Bexley,Rd,Stairs,-33.9374812,151.1139261,
Birrong,Avalon,St,Stairs,-33.89253644,151.0243134,
Blackheath,Great Western,Hwy,Stairs,-33.63397248,150.2845903,
Blackheath,Station,St,Stairs,-33.63400546,150.2842535,
Blacktown,First,Ave,Stairs,-33.76777702,150.9080196,3
Blacktown,First,Ave,Stairs,-33.7677336,150.9079689,3
Blacktown,First,Ave,Lift,-33.76775412,150.9079614,3
Blacktown,Jim Simpson,Lane,Stairs,-33.76894183,150.9073054,2
Blacktown,Jim Simpson,Lane,Escalators,-33.76896727,150.9072963,2
Blacktown,Old Richmond,Rd,Lift,-33.7678292,150.9071472,4
Blacktown,Patrick,St,Lift,-33.76889928,150.9070828,1
Blacktown,Patrick,St,Stairs,-33.76903303,150.9069899,1
Blacktown,Old Richmond,Rd,Stairs,-33.76779802,150.9069245,4
Blaxland,Wilson,Way,Lift,-33.74369934,150.6099627,
Blaxland,Wilson,Way,Stairs,-33.74366205,150.6098058,
Blaxland,Great Western,Hwy,Stairs,-33.7438036,150.6096862,
Blaxland,Great Western,Hwy,Ramp,-33.74411767,150.6093887,
Blaxland,Great Western,Hwy,Stairs,-33.74404944,150.6093287,
Bomaderry,Meroo,St,Path,-34.85374494,150.6097702,
Bombo,Princes,Hwy,Stairs,-34.65868669,150.8537686,
Bombo,Princes,Hwy,Ramp,-34.65885576,150.8537564,
Bondi Junction,Grafton,St,Stairs,-33.89103017,151.2485965,
Bondi Junction,Rowe,St,Ramp,-33.89186986,151.2483663,
Bondi Junction,Grafton,St,Stairs,-33.89099409,151.2482086,
Booragul,Fourth,St,Ramp,-32.97169903,151.605168,
Booragul,Station,St,Ramp,-32.97190014,151.6047908,
Bowral,Station,St,Path,-34.47792483,150.4169743,
Bowral,Kirkham ,Rd,Path,-34.47763745,150.4167974,
Bowral,Wingercarribee,St,Stairs,-34.47841685,150.4165949,
Bowral,Wingercarribee,St,Lift,-34.47837068,150.4165765,
Bowral,Wingercarribee,St,Lift,-34.47827715,150.4163947,
Bowral,Kirkham ,Rd,Stairs,-34.47822202,150.4163793,
Branxton,Railway,St,Ramp,-32.66221027,151.3459324,
Branxton,Railway,St,Ramp,-32.66209242,151.3455358,
Broadmeadow,Graham,Rd,Stairs,-32.92269277,151.7354129,
Broadmeadow,Brown,Rd,Ramp,-32.92216413,151.7352213,
Broadmeadow,Graham,Rd,Ramp,-32.92289153,151.7350658,
Broadmeadow,Brown,Rd,Stairs,-32.92236891,151.7349462,
Bullaburra,Great Western,Hwy,Ramp,-33.72351988,150.4152013,
Bullaburra,Railway,Pde,Stairs,-33.72316759,150.4149891,
Bulli,Park,Rd,Lift,-34.33384472,150.9150696,
Bulli,Park,Rd,Lift,-34.3338201,150.9149316,
Bulli,Franklin,Ave,Path,-34.33428666,150.9149143,
Bulli,Railway,St,Path,-34.33433961,150.9146887,
Bundanoon,Erith,St,Ramp,-34.6557524,150.2997407,
Bundanoon,Church,St,Path,-34.65604988,150.2995728,
Burradoo,Burradoo,Rd,Path,-34.49418601,150.3981296,
Burradoo,Burradoo,Rd,Ramp,-34.49418573,150.3978582,
Burwood,Burwood,Rd,Stairs,-33.87704552,151.1038525,
Burwood,Burwood,Rd,Path,-33.87718853,151.1038248,
Cabramatta,Broomfield,St,Lift,-33.89464265,150.9391047,
Cabramatta,Broomfield,St,Stairs,-33.89480632,150.9390481,
Cabramatta,Railway,Pde,Lift,-33.89459892,150.9388134,
Cabramatta,Railway,Pde,Ramp,-33.89494229,150.9387321,
Cabramatta,Railway,Pde,Path,-33.89510227,150.9386596,
Camellia,Grand,Ave,Ramp,-33.81918103,151.024141,
Campbelltown,Railway,St,Ramp,-34.06418971,150.8148139,
Campbelltown,Hurley,St,Lift,-34.06359144,150.8147393,
Campbelltown,Hurley,St,Path,-34.06369952,150.8146228,
Campbelltown,Hurley,St,Stairs,-34.06367954,150.8146141,
Campbelltown,Farrow,Rd,Stairs,-34.06302424,150.8144097,
Campbelltown,Hurley,St,Lift,-34.06320084,150.8143088,
Campbelltown,Farrow,Rd,Stairs,-34.06332332,150.8140219,
Campsie,Beamish,St,Ramp,-33.91049597,151.103574,
Campsie,Beamish,St,Ramp,-33.91039285,151.1035577,
Canley Vale,First,Ave,Stairs,-33.88744308,150.9436897,
Canley Vale,First,Ave,Ramp,-33.88746282,150.9436297,
Canley Vale,Railway,Pde,Stairs,-33.88723441,150.9434805,
Canley Vale,Railway,Pde,Ramp,-33.88734662,150.9434198,
Canterbury,Canterbury,Rd,Path,-33.9121163,151.1190137,
Capitol Square LR,Hay,St,Path,-33.87970841,151.2055584,
Capitol Square LR,Hay,St,Path,-33.87980415,151.205512,
Cardiff,Main,Rd,Path,-32.9412794,151.6628198,
Cardiff,Mary,St,Stairs,-32.94145731,151.6623011,
Cardiff,Mary,St,Lift,-32.94140925,151.6622554,
Caringbah,Kingsway,,Lift,-34.04162513,151.1219142,
Caringbah,Kingsway,,Stairs,-34.04157881,151.121856,
Carlingford,Lloyds,Ave,Path,-33.78217116,151.047273,
Carlingford,James,St,Path,-33.7821273,151.0468442,
Carlingford,Lloyds,Ave,Ramp,-33.78270924,151.046786,
Carlingford,Lloyds,Ave,Path,-33.78287488,151.0466571,
Carlingford,Pennant Hills,Rd,Path,-33.78304357,151.0463511,
Carlton,Railway,Pde,Lift,-33.96842236,151.1245362,
Carlton,Carlton,Pde,Lift,-33.96801021,151.1243905,
Carlton,Railway,Pde,Stairs,-33.96846874,151.1243442,
Carlton,Carlton,Pde,Stairs,-33.96809212,151.1242377,
Carlton,Carlton,Pde,Ramp,-33.96798067,151.1241795,
Carramar,Sandal,Cres,Path,-33.88476847,150.9607298,
Carramar,Carramar,Ave,Path,-33.88431636,150.9605645,
Casula,Casula,Rd,Stairs,-33.95004957,150.9121379,
Casula,Casula,Rd,Lift,-33.95035283,150.9120798,
Casula,Casula,Rd,Lift,-33.9501874,150.9117283,
Casula,Casula,Rd,Path,-33.95036803,150.9117058,
Casula,Casula,Rd,Stairs,-33.9503293,150.9116866,
Central,Elizabeth,St,Ramp,-33.88352173,151.2079563,4
Central,Elizabeth,St,Lift,-33.88371032,151.2078995,5
Central,Elizabeth,St,Stairs,-33.88378577,151.207862,5
Central,Eddy,Ave,Stairs,-33.88302433,151.2070762,3
Central,Eddy,Ave,Escalators,-33.8832082,151.2070112,3
Central,Eddy,Ave,Lift,-33.88353624,151.2069711,3
Central,Eddy,Ave,Path,-33.88253976,151.2068849,2
Central,Chalmers,St,Lift,-33.88541283,151.2068475,6
Central,Chalmers,St,Escalators,-33.88544474,151.206822,6
Central,Chalmers,St,Stairs,-33.88547844,151.2067901,6
Central,Eddy,Ave,Path,-33.88233009,151.2065038,2
Central,Eddy,Ave,Stairs,-33.88210298,151.2061254,
Central,Eddy,Ave,Escalators,-33.88213747,151.2060987,
Central,Pitt,St,Path,-33.88236674,151.2058136,1
Central,Lee,St,Path,-33.88398512,151.2042663,7
Chatswood,Post Office,Lane,Stairs,-33.79722746,151.1814421,
Chatswood,Post Office,Lane,Escalators,-33.79718558,151.1814287,
Chatswood,Orchard,Rd,Stairs,-33.79677523,151.1813805,
Chatswood,Orchard,Rd,Escalators,-33.79673649,151.1813641,
Chatswood,Post Office,Lane,Lift,-33.79717607,151.1813031,
Chatswood,Thomas,St,Lift,-33.79765173,151.1812637,
Chatswood,Thomas,St,Stairs,-33.79766719,151.1811813,
Chatswood,Orchard,Rd,Lift,-33.79673526,151.1811761,
Chatswood,Railway,St,Lift,-33.79689881,151.1807121,
Chatswood,Thomas,Lane,Lift,-33.7979301,151.1806933,
Chatswood,Railway,St,Stairs,-33.79709534,151.1806738,
Chatswood,Thomas,St,Stairs,-33.797903,151.180647,
Chatswood,Railway,St,Escalators,-33.79705047,151.1805363,
Chatswood,Railway,St,Stairs,-33.79701563,151.1805215,
Cheltenham,Cheltenham,Rd,Stairs,-33.75539745,151.0781497,
Cheltenham,Cheltenham,Rd,Lift,-33.75543909,151.0781092,
Chester Hil,Chester Hill,Rd,Path,-33.88368818,151.0004627,
Circular Quay,Alfred,St,Stairs,-33.86146378,151.2107945,
Circular Quay,Alfred,St,Escalators,-33.86127776,151.2107739,
Circular Quay,Alfred,St,Escalators,-33.86143954,151.2107457,
Circular Quay,Alfred,St,Lift,-33.86124347,151.2107343,
Circular Quay,Alfred,St,Lift,-33.86146637,151.2107121,
Circular Quay,Alfred,St,Stairs,-33.86131441,151.2106592,
Circular Quay,Alfred,St,Stairs,-33.86131245,151.2106239,
Circular Quay,Alfred,St,Stairs,-33.86138049,151.2106156,
Circular Quay,Alfred,St,Escalators,-33.86125995,151.2105656,
Circular Quay,Alfred,St,Escalators,-33.86139905,151.2103289,
Clarendon,Racecource,Rd,Ramp,-33.60844245,150.7878928,
Clarendon,Racecource,Rd,Path,-33.60848854,150.787844,
Clarendon,Racecource,Rd,Ramp,-33.60859421,150.7877637,
Clyde,Berry,St,Ramp,-33.83554673,151.0170387,1
Clyde,Factory,St,Ramp,-33.83606198,151.0165639,2
Coalcliff,Lawrence Hargrave ,Dr,Stairs,-34.24253571,150.977052,
Cockle Creek,Lake,Rd,Stairs,-32.94246711,151.6244306,
Cockle Creek,Creek Reserve,Rd,Path,-32.94287548,151.6238126,
Coledale,Cater,St,Stairs,-34.28989285,150.943031,
Como,Railway,Rd,Stairs,-34.00454075,151.0683305,
Como,Railway,Rd,Stairs,-34.00437623,151.068248,
Como,Como,Pde,Ramp,-34.00447157,151.0676891,
Concord West,Queen,St,Stairs,-33.84809272,151.0859526,
Concord West,Queen,St,Lift,-33.84803171,151.0859019,
Concord West,King,St,Stairs,-33.84821375,151.0852126,
Concord West,King,St,Lift,-33.84808986,151.0851995,
Concord West,King,St,Stairs,-33.84795404,151.0851904,
Coniston,Bridge,St,Stairs,-34.43823905,150.8851205,
Coniston,Gladsone,Ave,Ramp,-34.43796566,150.884845,
Convention Centre LR,Darling,Dr,Ramp,-33.87286403,151.1981517,
Corrimal,Duff,Pde,Path,-34.37549456,150.9051489,
Corrimal,Railway,St,Path,-34.37567312,150.9048905,
Cowan,Pacific,Hwy,Ramp,-33.59298034,151.171638,
Cowan,Pacific,Hwy,Ramp,-33.5937893,151.1715651,
Cringila,Central,Rd,Stairs,-34.46708061,150.8799583,
Cringila,Five Island,Rd,Stairs,-34.46737362,150.8782723,
Cronulla,Cronulla,St,Path,-34.05684046,151.1517217,
Cronulla,Cronulla,St,Path,-34.05572731,151.1515991,
Cronulla,Cronulla,St,Path,-34.05535773,151.1514348,
Croydon,Hennessy,St,Ramp,-33.88283666,151.1155154,
Croydon,Paisley,Rd,Stairs,-33.8831857,151.1150828,
Dapto,Station,St,Path,-34.4923588,150.7922224,
Dapto,Staiton,St,Path,-34.49307785,150.7918339,
Dapto,Bong Bong,Rd,Path,-34.49348285,150.7914602,
Dapto,Bong Bong,Rd,Path,-34.493435,150.7913065,
Denistone,Gordon,Cres,Path,-33.79951928,151.0867539,
Domestic,Keith Smith,Ave,Stairs,-33.93362671,151.1805736,
Domestic,Keith Smith,Ave,Lift,-33.93356911,151.1805681,
Domestic,Keith Smith,Ave,Stairs,-33.93400809,151.1801419,
Domestic,Keith Smith,Ave,Escalators,-33.93400343,151.1801133,
Domestic,Keith Smith,Ave,Lift,-33.93398698,151.1800496,
Doonside,School,Pde,Ramp,-33.76401541,150.8692816,
Doonside,Cross,St,Ramp,-33.76362795,150.8692347,
Dora Creek,Main,Rd,Path,-33.0838231,151.5010419,
Dora Creek,Newport,Rd,Stairs,-33.08411433,151.5008644,
Dora Creek,Newport,Rd,Stairs,-33.08402158,151.500698,
Douglas Park,Camden,Rd,Path,-34.18323382,150.7105466,
Douglas Park,Camden,Rd,Path,-34.18330344,150.7105388,
Dulwich Grove LR,New Canterbury,Rd,Stairs,-33.904761,151.1390021,
Dulwich Grove LR,New Canterbury,Rd,Lift,-33.9047721,151.1389753,
Dulwich Hill LR,Bedford,Cres,Stairs,-33.9106718,151.1405847,
Dulwich Hill LR,Bedford,Cres,Lift,-33.9106266,151.1405558,
Dundas,Station,St,Path,-33.80402698,151.0331103,
Dundas,Kissing Point,Rd,Ramp,-33.80388354,151.0329178,
Dundas,Kissing Point,Rd,Stairs,-33.80389499,151.0328954,
Dundas,Kissing Point,Rd,Path,-33.80339752,151.032467,
Dungog,Brown,St,Ramp,-32.40255754,151.759385,
Dungog,Brown,St,Stairs,-32.40249309,151.759251,
East Hills,Thompson,Lane,Path,-33.96201112,150.9847269,
East Hills,Park,Rd,Ramp,-33.96157358,150.9844493,
East Hills,Park,Rd,Stairs,-33.96164228,150.9843435,
East Hills,Park,Rd,Ramp,-33.96173087,150.9842552,
East Maitland,Melbourne,St,Stairs,-32.74457268,151.5874741,
East Richmond,Bourke,St,Ramp,-33.60180319,150.7588294,
East Richmond,Bourke,St,Stairs,-33.6017457,150.7587291,
Eastwood,Railway,Pde,Ramp,-33.78992993,151.0826671,
Eastwood,Railway,Pde,Ramp,-33.79041058,151.0826361,
Eastwood,Railway,Pde,Lift,-33.79017064,151.0825639,
Eastwood,West,Pde,Lift,-33.79014905,151.0820022,
Eastwood,West,Pde,Path,-33.79014802,151.0819726,
Edgecliff,New South Head,Rd,Path,-33.87893677,151.236154,
Edmondson Park,Soliders,Pde,Lift,-33.96930476,150.8588642,
Edmondson Park,Soliders,Pde,Stairs,-33.96936246,150.8588449,
Emu Plains,Old Bathurst,Rd,Stairs,-33.74577768,150.6714125,
Emu Plains,Mackellar,St,Stairs,-33.74552422,150.6713807,
Emu Plains,Old Bathurst,Rd,Lift,-33.74582701,150.6713326,
Emu Plains,Mackellar,St,Lift,-33.74565742,150.6712836,
Engadine,Princes,Hwy,Ramp,-34.06753979,151.0148428,
Engadine,Princes,Hwy,Ramp,-34.06719539,151.0147353,
Engadine,Princes,Hwy,Lift,-34.06776904,151.0146815,
Engadine,Princes,Hwy,Lift,-34.06738183,151.0145516,
Epping,Langston,Pl,Path,-33.77254801,151.0822785,
Epping,Beecroft,Rd,Stairs,-33.77284112,151.0818724,
Epping,Beecroft,Rd,Lift,-33.77265225,151.0818045,
Epping,Beecroft,Rd,Stairs,-33.77291584,151.0816408,
Epping,Beecroft,Rd,Lift,-33.77272037,151.0815679,
Ersineville,Erskineville,Rd,Path,-33.90005302,151.1855565,
Exeter,Ringwood,Rd,Path,-34.61346677,150.3177998,
Exeter,Bundanoon,Rd,Path,-34.61337723,150.3173592,
Exhibition Centre LR,Darling,Dr,Ramp,-33.87677819,151.1994751,
Exhibition Centre LR,Pyrmont,St,Stairs,-33.87678771,151.1992504,
Fairfield,Dale,St,Path,-33.87255271,150.957049,
Fairfield,Dale,St,Stairs,-33.87250991,150.9570068,
Fairfield,The Crescent,,Path,-33.87228222,150.9568998,
Fairfield,The Crescent,,Stairs,-33.87238918,150.9568642,
Fairfield,Dale,St,Lift,-33.87264464,150.9568189,
Fairfield,The Crescent,,Lift,-33.87249718,150.956712,
Fairy Meadow,Elliotts,Rd,Stairs,-34.39509691,150.8965771,
Fairy Meadow,Elliotts,Rd,Stairs,-34.39505996,150.8964522,
Fassifern,Tucker,Cl,Ramp,-32.98567466,151.5812081,
Fassifern,Tucker,Cl,Stairs,-32.98568106,151.5811753,
Fassifern,Tucker,Cl,Ramp,-32.98557663,151.5808417,
Faulconbridge,Great Western,Hwy,Ramp,-33.69681647,150.5349352,
Faulconbridge,Great Western,Hwy,Stairs,-33.69678014,150.5349261,
Faulconbridge,Great Western,Hwy,Stairs,-33.69654047,150.534819,
Faulconbridge,Great Western,Hwy,Stairs,-33.69633199,150.534567,
Faulconbridge,Great Western,Hwy,Ramp,-33.69636984,150.5344309,
Fish Market LR,Miller,St,Path,-33.87046367,151.1921783,
Fish Market LR,Miller,St,Path,-33.87076898,151.1916529,
Flemington,The Crescent,,Stairs,-33.86515478,151.0706765,
Flemington,The Crescent,,Stairs,-33.86389281,151.0702391,
Gerringong,Belinda,St,Ramp,-34.74477882,150.8176504,
Glebe LR,Burton,St,Stairs,-33.87707686,151.1875647,
Glebe LR,Bayview,St,Ramp,-33.87729496,151.187253,
Glenbrook,Burfitt,Pde,Ramp,-33.76902646,150.6212638,
Glenfield,Railway,Pde,Stairs,-33.97207776,150.8935775,
Glenfield,service road,,Stairs,-33.97173912,150.893269,
Glenfield,Railway,Pde,Lift,-33.97228674,150.8932557,
Glenfield,service road,,Lift,-33.97183034,150.8931736,
Glenfield,Railway,Pde,Stairs,-33.9724757,150.8931251,
Gordon,Werona,Ave,Ramp,-33.75598413,151.1548641,
Gordon,Werona,Ave,Ramp,-33.75535054,151.154396,
Gordon,St Johns,Ave,Stairs,-33.75612016,151.1541758,
Gordon,St Johns,Ave,Ramp,-33.75596499,151.1540965,
Gordon,Wade,Lane,Ramp,-33.75568255,151.1539778,
Gosford,Burns,Cres,Lift,-33.42348002,151.3419443,
Gosford,Burns,Cres,Stairs,-33.42348165,151.341911,
Gosford,Showground,Rd,Stairs,-33.4233302,151.3414142,
Gosford,Showground,Rd,Path,-33.42338314,151.3414013,
Goulburn,Sloane,St,Path,-34.75901982,149.7205882,
Goulburn,Park,Rd,Path,-34.75812698,149.7192494,
Granville,Memorial,Dr,Ramp,-33.8327767,151.0114916,
Granville,Memorial,Dr,Ramp,-33.83290042,151.0114055,
Green Square,Botany,Rd,Stairs,-33.90596608,151.2030771,
Green Square,Botany,Rd,Stairs,-33.90581837,151.2030314,
Green Square,O'Riordan,St,Escalators,-33.90627864,151.2026934,
Green Square,O'Riordan,St,Lift,-33.90621492,151.2025402,
Greta,Nelson,St,Ramp,-32.68678796,151.384282,
Greta,Mansfield,St,Ramp,-32.68667582,151.3840538,
Guildford,Railway,Tce,Ramp,-33.854233,150.9846821,
Guildford,Military,Rd,Ramp,-33.8538226,150.984647,
Guildford,Railway,Tce,Stairs,-33.85444912,150.9845955,
Guildford,Railway,Tce,Lift,-33.85456824,150.9844866,
Guildford,Military,Rd,Ramp,-33.85416769,150.9844037,
Guildford,Military,Rd,Stairs,-33.85425733,150.9843285,
Guildford,Military,Rd,Stairs,-33.85433088,150.9842777,
Guildford,Military,Rd,Lift,-33.85449232,150.984227,
Gymea,Gymea Bay,Rd,Lift,-34.03490791,151.0852082,
Gymea,Gymea Bay,Rd,Stairs,-34.03487034,151.0851825,
Hamilton,Beaumont ,St,Stairs,-32.91802537,151.7485113,
Hamilton,Beaumont ,St,Ramp,-32.9185304,151.7483975,
Hamilton,Beaumont ,St,Stairs,-32.91838537,151.7482699,
Hamilton,Beaumont ,St,Ramp,-32.91841859,151.7482552,
Harris Park,Marion,St,Ramp,-33.82335758,151.0079326,
Harris Park,Station W,St,Stairs,-33.82326239,151.0074636,
Hawkesbury River,Danger,Rd,Stairs,-33.54700863,151.2267151,
Hawkesbury River,Danger,Rd,Stairs,-33.54710145,151.2265988,
Hawthorne LR,Darley,Rd,Path,-33.87958216,151.1475502,
Hawthorne LR,Darley,Rd,Path,-33.8795003,151.1471067,
Hazelbrook,Great Western,Hwy,Stairs,-33.72353033,150.454573,
Hazelbrook,Great Western,Hwy,Ramp,-33.72308654,150.454017,
Hazelbrook,Railway,Pde,Path,-33.72367342,150.4539673,
Heathcote,Wilson,Pde,Path,-34.08792484,151.0084291,
Heathcote,Wilson,Pde,Ramp,-34.08793975,151.0084144,
Heathcote,Princes,Hwy,Ramp,-34.0877856,151.008298,
Heathcote,Princes,Hwy,Path,-34.08780235,151.0082859,
Helensburgh,Tunnel,Rd,Lift,-34.17718912,150.9942468,
Helensburgh,Tunnel,Rd,Stairs,-34.17714736,150.9940859,
Hexham,Maitland ,Rd,Stairs,-32.8287522,151.68432,
High Street,High,St,Stairs,-32.7413273,151.5644242,
High Street,Le Darcy,Dr,Ramp,-32.74197207,151.5641955,
Hilldale,Hilldale,Rd,Ramp,-32.50448435,151.649805,
Holsworthy,The Boulevarde,,Stairs,-33.96292706,150.9565045,
Holsworthy,The Boulevarde,,Ramp,-33.96297936,150.9564564,
Holsworthy,The Boulevarde,,Lift,-33.96282915,150.9563519,
Homebush,Loftus,Cres,Stairs,-33.86641951,151.0864214,
Homebush,The Crescent,,Ramp,-33.866968,151.0861075,
Homebush,The Crescent,,Stairs,-33.8669269,151.0860951,
Hornsby,Hunter,Lane,Ramp,-33.703839,151.099774,
Hornsby,George,St,Ramp,-33.70355385,151.0988427,
Hornsby,George,St,Stairs,-33.70356981,151.0988312,
Hornsby,George,St,Ramp,-33.70373548,151.0987466,
Hornsby,Station,St,Path,-33.70347962,151.0980916,
Dulwich Hill,Wardell,Rd,Stairs,-33.91105837,151.1411463,
Hurlstone Park,Duntroon,St,Path,-33.91018981,151.1325419,
Hurstville,Forest,Rd,Stairs,-33.96703441,151.1028477,
Hurstville,Ormonde,Pde,Stairs,-33.96768463,151.102359,
Hurstville,Ormonde,Pde,Lift,-33.96763205,151.1022885,
Hurstville,Forest,Rd,Ramp,-33.96651714,151.1019021,
Hurstville,Forest,Rd,Escalators,-33.96651714,151.1019021,
Ingleburn,Ingleburn,Rd,Stairs,-33.99743831,150.8648758,
Ingleburn,Ingleburn,Rd,Ramp,-33.99760206,150.8646186,
Ingleburn,Ingleburn,Rd,Stairs,-33.9978895,150.8643778,
Ingleburn,Stanley,Rd,Ramp,-33.99742169,150.8643133,
Ingleburn,Stanley,Rd,Stairs,-33.99757653,150.8640104,
International,Departure,Plza,Escalators,-33.93518102,151.166541,
International,Departure,Plza,Lift,-33.93520792,151.1664707,
International,Departure,Plza,Lift,-33.93519882,151.1664469,
Jannali,Railway,Cres,Ramp,-34.01609101,151.0648408,
Jannali,Railway,Cres,Path,-34.0158836,151.0647566,
Jannali,Mitchell,Ave,Ramp,-34.01599453,151.0643704,
John Street Square LR,Harris,St,Ramp,-33.86726224,151.1924304,
John Street Square LR,Harvey,St,Stairs,-33.86716237,151.192075,
Jubilee Park LR,Chapman,Rd,Stairs,-33.87532035,151.1786149,
Jubilee Park LR,Chapman,Rd,Ramp,-33.87533885,151.1785977,
Jubilee Park LR,Chapman,Rd,Ramp,-33.87556013,151.1783683,
Katoomba,Goldsmith,Pl,Ramp,-33.71194806,150.3121686,
Katoomba,Bathurst,Rd,Ramp,-33.71227605,150.3121389,
Katoomba,Bathurst,Rd,Lift,-33.7122822,150.3119825,
Katoomba,Bathurst,Rd,Stairs,-33.71225211,150.3117845,
Kembla Grange,West Dapto,,Ramp,-34.47012644,150.8177961,
Kiama,Railway,Pde,Path,-34.67259919,150.8543663,
Killara,Werona,Ave,Stairs,-33.76569485,151.1620999,
Killara,Culworth,Ave,Stairs,-33.76585281,151.1617973,
Kings Cross,Victoria,St,Stairs,-33.87403189,151.2225037,
Kings Cross,Victoria,St,Lift,-33.87426901,151.2222047,
Kings Cross,Victoria,St,Stairs,-33.87423751,151.2221958,
Kingsgrove,Kingsgrove,Rd,Stairs,-33.94037591,151.1010846,
Kingsgrove,Kingsgrove,Rd,Lift,-33.94048039,151.100874,
Kingsgrove,Kingsgrove,Rd,Stairs,-33.94045759,151.1008569,
Kingswood,Richmond,Rd,Ramp,-33.75823391,150.7202398,
Kingswood,Great Western ,Hwy,Lift,-33.75842616,150.720233,
Kingswood,Richmond,Rd,Stairs,-33.75823344,150.7201166,
Kingswood,Great Western ,Hwy,Stairs,-33.75836745,150.720071,
Kirrawee,Oak,Rd,Path,-34.03491126,151.0710203,
Kogarah,Regent,St,Stairs,-33.96279661,151.1326915,
Kogarah,Regent,St,Lift,-33.9627467,151.1326877,
Kogarah,Station,St,Stairs,-33.96260526,151.1322014,
Kogarah,Station,St,Lift,-33.96264352,151.1321917,
Kogarah,Station,St,Stairs,-33.96268807,151.1321451,
Kogarah,Station,St,Ramp,-33.96279569,151.1321022,
Koolewong,Glenrock,Pde,Stairs,-33.46613312,151.3184763,
Koolewong,Glenrock,Pde,Stairs,-33.46614412,151.3183699,
Kotara,Park,Ave,Stairs,-32.94176982,151.6980592,
Kotara,Kotara,Pl,Ramp,-32.94136917,151.6974634,
Lakemba,The Boulevarde,,Lift,-33.92010158,151.0763703,
Lakemba,Railway,Pde,Lift,-33.91988075,151.0762517,
Lakemba,Railway,Pde,Stairs,-33.919759,151.0761338,
Lapstone,Explorers,Rd,Ramp,-33.77327862,150.6426352,
Lapstone,Explorers,Rd,Stairs,-33.77355931,150.6426108,
Lawson,Honour,Ave,Ramp,-33.71950783,150.4304172,
Lawson,Great Western,Hwy,Ramp,-33.71914265,150.4300609,
Lawson,Lotus,St,Ramp,-33.7189722,150.4296065,
Lawson,Great Western,Hwy,Ramp,-33.71943599,150.4294992,
Leichhardt North LR,James,St,Lift,-33.87498002,151.1550356,
Leichhardt North LR,James,St,Stairs,-33.87499429,151.1550175,
Leichhardt North LR,City West Link,Rd,Path,-33.874998,151.1535804,
Leightonfield,Monier,Sq,Ramp,-33.88189412,150.9851028,
Leightonfield,Christina,Rd,Ramp,-33.88126383,150.984962,
Leppingon,Rickard,Rd,Stairs,-33.95443956,150.8082668,
Leppingon,Rickard,Rd,Lift,-33.95451545,150.8082463,
Leumeah,O'Sullivan,Rd,Lift,-34.05067487,150.8308056,
Leumeah,Plough Inn,Rd,Path,-34.05031272,150.8307679,
Leumeah,Old Leumeah,Rd,Ramp,-34.05080184,150.8307251,
Leumeah,Old Leumeah,Rd,Stairs,-34.05081332,150.8307025,
Leumeah,O'Sullivan,Rd,Stairs,-34.05089506,150.830574,
Leumeah,Plough Inn,Rd,Lift,-34.0504822,150.8305609,
Leumeah,O'Sullivan,Rd,Ramp,-34.05102916,150.8304338,
Leura,Railway,Pde,Stairs,-33.71212061,150.3311289,
Lewisham,Thomas ,St,Stairs,-33.8931095,151.1475983,
Lewisham,Railway,Tce,Stairs,-33.8936359,151.1475441,
Lewisham West LR,Hudson,St,Path,-33.89385044,151.1434623,
Lewisham West LR,Smith,St,Path,-33.8937862,151.1433429,
Lidcombe,Church,St,Path,-33.86353155,151.0450641,
Lidcombe,Church,St,Lift,-33.86346008,151.0447924,
Lidcombe,Railway,St,Stairs,-33.86386973,151.0446447,
Lidcombe,Railway,St,Lift,-33.86386787,151.0446069,
Lidcombe,Church,St,Stairs,-33.86338085,151.0445549,
Lidcombe,Railway,St,Stairs,-33.863756,151.044279,
Lilyfield LR,Catherine ,St,Ramp,-33.87419537,151.1648238,
Lilyfield LR,Catherine ,St,Stairs,-33.87411594,151.1647681,
Linden,Great Western,Hwy,Path,-33.71533075,150.5053218,
Linden,Burke,Rd,Stairs,-33.71474436,150.5043663,
Lindfield,Lindfield,Ave,Stairs,-33.77565442,151.1695097,
Lindfield,Lindfield,Ave,Stairs,-33.77528844,151.1693856,
Lindfield,Lindfield,Ave,Ramp,-33.77526721,151.1693706,
Lindfield,Pacific,Hwy,Stairs,-33.77595464,151.1693,
Lindfield,Lindfield,Ave,Stairs,-33.77508734,151.1692302,
Lindfield,Pacific,Hwy,Ramp,-33.77573861,151.1691075,
Lindfield,Pacific,Hwy,Stairs,-33.77570298,151.1690761,
Lisarow,Pacific,Hwy,Stairs,-33.38218451,151.3701793,
Lisarow,Pacific,Hwy,Path,-33.38219289,151.3701652,
Lisarow,Railway,Cres,Stairs,-33.38207165,151.3700848,
Lisarow,Railway,Cres,Path,-33.38205966,151.3700717,
Lithgow,Main,St,Path,-33.48092585,150.156929,
Lithgow,Railway,Pde,Path,-33.48051667,150.1567066,
Liverpool,Moore,St,Path,-33.92314617,150.927698,
Liverpool,Biggs,St,Lift,-33.92438493,150.9269976,
Liverpool,Biggs,St,Stairs,-33.92430468,150.9269377,
Lochinvar,Station,Lane,Ramp,-32.72048397,151.450531,
Lochinvar,Station,Lane,Ramp,-32.72039462,151.4504811,
Loftus,Pitt,St,Ramp,-34.04499976,151.0513888,
Loftus,Loftus,Ave,Ramp,-34.04545425,151.0512098,
Lysaghts,Recycling,Rd,Stairs,-34.4548118,150.8752141,
Macarthur,Menangle ,Rd,Lift,-34.07249292,150.7974781,
Macarthur,Menangle ,Rd,Lift,-34.07221782,150.7973884,
Macarthur,Menangle ,Rd,Stairs,-34.07255383,150.7971598,
Macarthur,Menangle ,Rd,Stairs,-34.0722662,150.7970753,
Macdonaldtown,Burren,St,Stairs,-33.89679186,151.1853862,
Macquarie Fields,Railway,Pde,Stairs,-33.98484292,150.8790781,
Macquarie Fields,Railway,Pde,Ramp,-33.98496652,150.8789376,
Macquarie Park,Lane Cove,Rd,Lift,-33.78544457,151.128497,
Macquarie Park,Lane Cove,Rd,Escalators,-33.78536823,151.1284456,
Macquarie Park,Lane Cove,Rd,Escalators,-33.78507899,151.1280042,
Macquarie Park,Lane Cove,Rd,Lift,-33.78506256,151.1279791,
Macquarie University,Herring,Rd,Lift,-33.77743582,151.1184713,
Macquarie University,Herring,Rd,Escalators,-33.7774169,151.1184131,
Macquarie University,Herring,Rd,Escalators,-33.77721132,151.1181043,
Macquarie University,Herring,Rd,Lift,-33.77716806,151.1180933,
Maitland,Station,St,Path,-32.73774765,151.552236,
Marayong,Harvey,Rd,Stairs,-33.74622068,150.9003117,
Marayong,Harvey,Rd,Lift,-33.74601717,150.9003098,
Marayong,Railway,Pde,Stairs,-33.7462306,150.9000471,
Marayong,Railway,Pde,Lift,-33.74602227,150.9000423,
Marion LR,Marion,St,Path,-33.8839155,151.1449963,
Marrickville,Station,St,Path,-33.9139756,151.153316,
Marrickville,Illawarra,Rd,Stairs,-33.91375714,151.1532248,
Marrickville,Illawarra,Rd,Lift,-33.91378174,151.1531819,
Marrickville,Illawarra,Rd,Lift,-33.91383568,151.1531518,
Marrickville,Illawarra,Rd,Stairs,-33.91386322,151.1531385,
Martin Place,Macquarie,St,Stairs,-33.86796254,151.2116241,1
Martin Place,Phillip,St,Lift,-33.8677258,151.211419,4
Martin Place,Phillip,St,Stairs,-33.867961,151.2113556,2
Martin Place,Elizabeth,St,Stairs,-33.86770938,151.2108281,5
Martin Place,Elizabeth,St,Stairs,-33.86794917,151.2105119,6
Martin Place,Elizabeth,St,Stairs,-33.86773095,151.2102046,7
Martins Creek,Grace,Ave,Ramp,-32.55848164,151.618412,
Marulan,Wollondilly,St,Path,-34.7095012,150.0056778,
Marulan,Railway,Pde,Path,-34.70959939,150.0056691,
Mascot,Bourke,St,Stairs,-33.92315955,151.1873924,
Mascot,Bourke,St,Escalators,-33.92315812,151.1873628,
Mascot,Bourke,St,Lift,-33.92336325,151.1873396,
Meadowbank,Constitution,Rd,Lift,-33.81566979,151.0902245,
Meadowbank,Constitution,Rd,Stairs,-33.81579505,151.0902088,
Meadowbank,Bank,St,Lift,-33.81562759,151.0899398,
Meadowbank,Bank,St,Ramp,-33.81555584,151.089916,
Medlow Bath,Great Western,Hwy,Ramp,-33.67465401,150.2811412,
Medlow Bath,Great Western,Hwy,Stairs,-33.67295305,150.2803919,
Menangle,Stevens,Rd,Ramp,-34.12539404,150.7441804,
Menangle,Stevens,Rd,Path,-34.12585573,150.7440669,
Menangle Park,Racecourse,Ave,Ramp,-34.10338167,150.7450798,
Menangle Park,Racecourse,Rd,Ramp,-34.10338507,150.7449509,
Merrylands,Railway,Tce,Ramp,-33.83669532,150.9926698,
Merrylands,Terminal,Pl,Ramp,-33.83631419,150.9926662,
Merrylands,Railway,Tce,Stairs,-33.83680598,150.9925619,
Merrylands,Railway,Tce,Lift,-33.83690608,150.9923757,
Merrylands,Railway,Tce,Ramp,-33.83694829,150.992327,
Merrylands,Terminal,Pl,Stairs,-33.83658243,150.9922814,
Merrylands,Terminal,Pl,Lift,-33.83679089,150.992228,
Merrylands,Terminal,Pl,Stairs,-33.83671583,150.9921634,
Merrylands,Railway,Tce,Stairs,-33.83715442,150.992075,
Merrylands,Terminal,Pl,Ramp,-33.83685144,150.9920152,
Merrylands,Terminal,Pl,Stairs,-33.83705075,150.9918377,
Metford,McCubbin ,Cl,Stairs,-32.76547854,151.6182929,
Metford,McCubbin ,Cl,Lift,-32.76536099,151.6181329,
Milsons Point,Ennis,Rd,Ramp,-33.84579562,151.212403,
Milsons Point,Alfred,St,Path,-33.84594618,151.2117195,
Mindaribba,Tocal,Rd,Ramp,-32.66835055,151.5845537,
Minnamurra,North,St,Ramp,-34.62633044,150.8530098,
Minto,Minto,Rd,Stairs,-34.02750455,150.8426006,
Minto,Minto,Rd,Lift,-34.02764472,150.8425642,
Minto,Minto,Rd,Ramp,-34.02776996,150.8425506,
Minto,Somerset,St,Stairs,-34.02722065,150.8423272,
Minto,Somerset,St,Lift,-34.0274664,150.842237,
Minto,Somerset,St,Ramp,-34.02769333,150.8422318,
Miranda,Kiora,Rd,Stairs,-34.036075,151.1019708,
Miranda,Kiora,Rd,Ramp,-34.036075,151.1019708,
Mittagong,Railway,Pde,Stairs,-34.4526389,150.4483852,
Mittagong,Regent,St,Stairs,-34.45240354,150.4483624,
Morisset,Macquarie,St,Lift,-33.10903664,151.4882907,
Morisset,Macquarie,St,Ramp,-33.1090292,151.4882497,
Morisset,Dora,St,Lift,-33.10883807,151.4881562,
Morisset,Macquarie,St,Stairs,-33.10907961,151.4881539,
Morisset,Dora,St,Stairs,-33.10893132,151.48806,
Morisset,Dora,St,Ramp,-33.10895092,151.4878847,
Mortdale,Coleborne,Ave,Lift,-33.97112283,151.0810841,
Mortdale,Coleborne,Ave,Stairs,-33.97123984,151.081009,
Mortdale,Cook,Lane,Lift,-33.97104094,151.0808798,
Mortdale,Cook,Lane,Stairs,-33.97116587,151.0808093,
Moss Vale,Argyle,St,Path,-34.54838916,150.372103,
Moss Vale,Lackey,Rd,Path,-34.54759291,150.3718707,
Mount Colah,Pacific,Hwy,Stairs,-33.67129214,151.1150982,
Mount Druitt,North,Pde,Ramp,-33.76905662,150.8203218,
Mount Druitt,North,Pde,Stairs,-33.76888448,150.8203141,
Mount Druitt,North,Pde,Lift,-33.76903287,150.8201866,
Mount Druitt,North,Pde,Stairs,-33.76940294,150.820177,
Mount Druitt,Beames,Ave,Lift,-33.76977783,150.8201693,
Mount Druitt,North,Pde,Lift,-33.76941054,150.8201425,
Mount Druitt,Beames,Ave,Ramp,-33.7699575,150.8201085,
Mount Druitt,Beames,Ave,Stairs,-33.76975925,150.819919,
Mount Druitt,North,Pde,Lift,-33.76885586,150.8198575,
Mount Druitt,North,Pde,Stairs,-33.76903298,150.8197793,
Mount Druitt,North,Pde,Stairs,-33.76883389,150.8195934,
Mount Kurring-gai,Harwood,Ave,Stairs,-33.65382765,151.1370126,
Mount Kurring-gai,Harwood,Ave,Ramp,-33.65382377,151.1369886,
Mount Kurring-gai,Pacific,Hwy,Ramp,-33.65376948,151.1365683,
Mount Victoria,Patrick,St,Stairs,-33.5882678,150.257054,
Mount Victoria,Station,St,Stairs,-33.58817529,150.256825,
Mulgrave,Mulgrave,Rd,Ramp,-33.62649899,150.8298983,
Museum,Elizabeth,St,Stairs,-33.87493423,151.2098618,
Museum,Elizabeth,St,Escalators,-33.87691361,151.209825,
Museum,Elizabeth,St,Stairs,-33.87652945,151.2098063,
Museum,Elizabeth,St,Lift,-33.87659188,151.2097343,
Museum,Elizabeth,St,Escalators,-33.87482734,151.209529,
Museum,Liverpool,St,Escalators,-33.87671276,151.2092181,
Museum,Liverpool,St,Stairs,-33.87669845,151.2091949,
Muswellbrook,Market,St,Ramp,-32.26744191,150.890863,
Muswellbrook,Market,St,Stairs,-32.26758584,150.8908038,
Muswellbrook,Market,St,Stairs,-32.26742612,150.8904619,
Narara,Goonak,Pde,Path,-33.39478142,151.3445536,
Narara,Narara Valley,Dr,Stairs,-33.39459444,151.3444334,
Narara,Narara Valley,Dr,Path,-33.39460601,151.3444151,
Narwee,Hannans,Rd,Path,-33.9475007,151.0707991,
Narwee,Hurst,Pl,Path,-33.94783139,151.0706442,
Newcastle Interchange,Hannell,St,Path,-32.92412867,151.7598672,
Newcastle Interchange,Hannell,St,Path,-32.92443205,151.7596352,
Newcastle Interchange,Charles,St,Path,-32.9239171,151.7593884,
Newcastle Interchange,Cooper,St,Path,-32.92445674,151.7589509,
Newtown,King,St,Lift,-33.89794821,151.1788919,
Newtown,King,St,Ramp,-33.89787696,151.1788814,
Niagara Park,Kathleen Morreau,Rd,Stairs,-33.38322824,151.3545729,
Niagara Park,Washington,Ave,Stairs,-33.3830702,151.3544041,
Normanhurst,Denman,Pde,Path,-33.72090894,151.0971516,
Normanhurst,Malsbury,Rd,Path,-33.72064788,151.0969021,
North Ryde,Delhi,Rd,Lift,-33.79455215,151.1379256,
North Ryde,Delhi,Rd,Escalators,-33.79451462,151.1379238,
North Strathfield,Queen,St,Stairs,-33.85916251,151.0885013,
North Strathfield,Hamilton,St,Ramp,-33.8597069,151.0882075,
North Sydney,Blue,St,Path,-33.84102219,151.2074984,
North Sydney,Blue,St,Path,-33.84100344,151.2073747,
North Wollongong,Station,St,Stairs,-34.41235075,150.891562,
North Wollongong,Station,St,Path,-34.41211824,150.8915599,
North Wollongong,Station,St,Lift,-34.41211138,150.8915284,
North Wollongong,Porter,St,Lift,-34.41208516,150.8913613,
North Wollongong,Porter,St,Path,-34.41208744,150.8913264,
North Wollongong,Porter,St,Stairs,-34.41230685,150.8912482,
Noth Strathfield,Pomeroy,St,Ramp,-33.85755734,151.0873986,
Oak Flats,Stanford,Dr,Ramp,-34.57198187,150.8206117,
Oak Flats,Stanford,Dr,Stairs,-34.57188882,150.8204536,
Oak Flats,Stanford,Dr,Ramp,-34.57173048,150.8202085,
Oatley,Oatley,Pde,Lift,-33.98022837,151.0792926,
Oatley,River,Rd,Stairs,-33.98000494,151.0789686,
Oatley,Mulga,Rd,Lift,-33.980259,151.0787615,
Olympic Park,Park,St,Path,-33.8461115,151.070683,
Olympic Park,Dawn Fraser,Ave,Path,-33.84647873,151.0702876,
Olympic Park,Murray Rose,Ave,Path,-33.84608649,151.0700814,
Olympic Park,Dawn Fraser,Ave,Path,-33.84656636,151.0700461,
Olympic Park,Murray Rose,Ave,Stairs,-33.84617394,151.0698287,
Olympic Park,Dawn Fraser,Ave,Stairs,-33.84670627,151.0695564,
Olympic Park,Murray Rose,Ave,Ramp,-33.84634363,151.0694956,
Olympic Park,Dawn Fraser,Ave,Path,-33.84678557,151.0694563,
Olympic Park,Murray Rose,Ave,Stairs,-33.84639347,151.0693911,
Olympic Park,Murray Rose,Ave,Lift,-33.84639439,151.0692489,
Olympic Park,Dawn Fraser,Ave,Path,-33.84686907,151.0692157,
Olympic Park,Murray Rose,Ave,Stairs,-33.84647994,151.0690066,
Olympic Park,Showground,Rd,Path,-33.84698401,151.0682717,
Otford,Lady Carrington ,Rd,Stairs,-34.21052602,151.0059083,
Otford,Lady Carrington ,Rd,Ramp,-34.21072283,151.0055213,
Otford,Station,Rd,Stairs,-34.21109272,151.0055047,
Ourimbah,Mill,St,Stairs,-33.35965695,151.3702768,
Ourimbah,Mill,St,Ramp,-33.35955493,151.3701089,
Ourimbah,Station,St,Path,-33.35969505,151.3697508,
Ourimbah,Station,St,Path,-33.35937321,151.3697352,
Paddy's Markets,Hay,St,Path,-33.87925467,151.2027407,
Paddy's Markets,Hay,St,Path,-33.87933704,151.2026206,
Padstow,Banks,St,Path,-33.95168459,151.0323447,
Padstow,Howard,Rd,Ramp,-33.9520945,151.0320242,
Padstow,Memorial,Dr,Ramp,-33.95176466,151.0319792,
Padstow,Memorial,Dr,Path,-33.95200543,151.0319661,
Padstow,Memorial,Dr,Stairs,-33.95170664,151.0319304,
Panania,Anderson,Ave,Ramp,-33.95413352,150.9982975,
Panania,Weston,St,Ramp,-33.95440402,150.998267,
Parramatta,Station,St,Stairs,-33.8178785,151.0063215,
Parramatta,Liverpool-Parramatta,T-way,Lift,-33.81823772,151.0059293,
Parramatta,Liverpool-Parramatta,T-way,Stairs,-33.81819896,151.0058847,
Parramatta,Liverpool-Parramatta,T-way,Stairs,-33.81753109,151.005003,
Parramatta,Darcy,St,Lift,-33.81707893,151.0049168,
Parramatta,Liverpool-Parramatta,T-way,Lift,-33.81737628,151.0046956,
Parramatta,Darcy,St,Stairs,-33.81698089,151.0046804,
Parramatta,Liverpool-Parramatta,T-way,Escalators,-33.81757268,151.0045096,
Parramatta,Liverpool-Parramatta,T-way,Stairs,-33.8172046,151.0044433,
Paterson,Main,St,Stairs,-32.60237058,151.6147645,
Pendle Hill,Wentworth,Ave,Ramp,-33.80167682,150.9570035,
Pendle Hill,Wentworth,Ave,Stairs,-33.80127175,150.956549,
Pendle Hill,Joyce,St,Ramp,-33.80135205,150.9559293,
Pendle Hill,Joyce,St,Path,-33.80130891,150.9558506,
Pennant Hills,Railway,St,Stairs,-33.7379301,151.0727775,
Pennant Hills,Railway,St,Lift,-33.73795586,151.0726265,
Pennant Hills,Yarrara,Rd,Path,-33.73771583,151.0726063,
Pennant Hills,Yarrara,Rd,Stairs,-33.73772306,151.0725732,
Pennant Hills,Railway,St,Ramp,-33.73816108,151.0725647,
Pennant Hills,Yarrara,Rd,Lift,-33.73786579,151.0724987,
Penrith,Combewood,Ave,Stairs,-33.74985862,150.6965761,
Penrith,Combewood,Ave,Lift,-33.74985115,150.6965045,
Penrith,Jane,St,Stairs,-33.75029054,150.6964713,
Penrith,Jane,St,Lift,-33.75028162,150.6964333,
Penrith,Jane,St,Stairs,-33.75018886,150.6961967,
Penrose,Penrose,Rd,Path,-34.67230549,150.2122744,
Penrose,Kareela,Rd,Path,-34.6721605,150.212086,
Penshurst,Bridge,Rd,Stairs,-33.96608121,151.0888374,
Penshurst,Laycock,Rd,Ramp,-33.96633248,151.088801,
Penshurst,Laycock,Rd,Stairs,-33.96631991,151.0887138,
Penshurst,Bridge,Rd,Lift,-33.96609707,151.0886682,
Petersham,Trafalgar,St,Stairs,-33.89402275,151.1557675,
Petersham,Terminus,St,Stairs,-33.8936064,151.1555418,
Picton,Prince,St,Stairs,-34.17964863,150.612881,
Picton,Station,St,Stairs,-34.17927875,150.6127309,
Picton,Prince,St,Stairs,-34.17968277,150.6127042,
Picton,Station,St,Lift,-34.17921166,150.6126647,
Point Clare,Kurrawa,Ave,Stairs,-33.44630072,151.3285267,
Point Clare,Brisbane Water,Dr,Stairs,-33.44618258,151.3282641,
Point Clare,Brisbane Water,Dr,Ramp,-33.44621399,151.3282199,
Port Kembla,Old Port,Rd,Ramp,-34.47718852,150.9028567,
Port Kembla North,Flinders,St,Stairs,-34.47297995,150.8873269,
Port Kembla North,Flinders,St,Stairs,-34.47312925,150.8870415,
Punchbowl,Punchbowl,Rd,Stairs,-33.92525226,151.0555798,
Punchbowl,The Boulevarde,,Stairs,-33.92556758,151.0555716,
Pymble,Grandview,St,Stairs,-33.74463831,151.1422732,
Pymble,Pacific,Hwy,Stairs,-33.74498339,151.1421989,
Pyrmont Bay LR,Murray,St,Path,-33.869535,151.197707,
Quakers Hill,Pearce,Rd,Lift,-33.72731055,150.886272,
Quakers Hill,Pearce,Rd,Stairs,-33.72721559,150.8862174,
Quakers Hill,Railway,Pde,Lift,-33.72743142,150.8860389,
Quakers Hill,Railway,Pde,Stairs,-33.72721417,150.8858872,
Redfern,Gibbons,St,Path,-33.8920298,151.1995113,
Redfern,Lawson,St,Path,-33.891563,151.198824,
Redfern,Marian,St,Stairs,-33.89270463,151.1981812,
Regents Park,Amy,St,Path,-33.8833513,151.0241784,
Regents Park,Park,Rd,Stairs,-33.88311577,151.0237932,
Regents Park,Park,Rd,Ramp,-33.88324672,151.0237008,
Revesby,Blamey,St,Stairs,-33.95270727,151.0154862,
Revesby,Marco,Ave,Lift,-33.95235886,151.0153198,
Revesby,Marco,Ave,Stairs,-33.95231174,151.0152774,
Revesby,Blamey,St,Lift,-33.95273626,151.0152327,
Rhodes,Blaxland,Rd,Stairs,-33.83067679,151.0872367,
Rhodes,Blaxland,Rd,Lift,-33.83064963,151.0872234,
Rhodes,Walker,St,Lift,-33.83045691,151.0868768,
Rhodes,Walker,St,Stairs,-33.83064015,151.0868216,
Richmond,E Market,St,Stairs,-33.59877109,150.7523098,
Richmond,E Market,St,Ramp,-33.5988545,150.7522539,
Riverstone,Garfield,Rd W,Path,-33.67976814,150.860729,
Riverstone,Garfield,Rd W,Path,-33.67985685,150.8605208,
Riverstone,Riverstone,Pde,Path,-33.67905167,150.8604401,
Riverwood,Belmore,Rd,Path,-33.9514708,151.0525622,
Riverwood,Belmore,Rd,Stairs,-33.95160087,151.0525497,
Rockdale,Geeves,Lane,Stairs,-33.9523035,151.1369871,
Rockdale,Geeves,Lane,Lift,-33.95248742,151.1368614,
Rockdale,Geeves,Lane,Stairs,-33.95258099,151.1368441,
Rockdale,Railway,St,Ramp,-33.95191037,151.1364413,
Rockdale,Railway,St,Stairs,-33.95221004,151.1362805,
Rooty Hill,Beames,Ave,Stairs,-33.77188219,150.8444618,
Rooty Hill,North ,Pde,Stairs,-33.7714864,150.8442846,
Rooty Hill,Beames,Ave,Ramp,-33.77201339,150.844247,
Rooty Hill,Rooty Hill North,Rd,Ramp,-33.77124814,150.8438721,
Rosehill,James Ruse,Dr,Stairs,-33.82303843,151.0222311,
Rosehill,James Ruse,Dr,Stairs,-33.82322002,151.0222102,
Rosehill,James Ruse,Dr,Ramp,-33.82308432,151.0218152,
Roseville,Hill,St,Ramp,-33.78434859,151.1778664,
Roseville,Pacific,Hwy,Ramp,-33.7846798,151.177749,
Rozelle Bay LR,Bayview,Cres,Ramp,-33.87185725,151.1729488,
Rozelle Bay LR,Bayview,Cres,Ramp,-33.8719533,151.1729143,
Rozelle Bay LR,The Crescent,,Stairs,-33.8717488,151.1728699,
Rydalmere,Brodie,St,Path,-33.81015641,151.0294797,
Sandgate,Astra,St,Stairs,-32.87279417,151.7028016,
Scarborough,Railway,Ave,Stairs,-34.2656783,150.9654965,
Scarborough,Railway,Ave,Stairs,-34.26551615,150.9651941,
Schofields,Railway,Tce,Path,-33.70483553,150.8742383,
Schofields,Railway,Tce,Lift,-33.7044383,150.8740174,
Schofields,Railway,Tce,Stairs,-33.70418713,150.8739328,
Schofields,Bridge,St,Lift,-33.70454498,150.8736108,
Schofields,Bridge,St,Stairs,-33.7043178,150.8735269,
Scone,Susan,St,Path,-32.04670656,150.8670728,
Sefton,Helen,St,Lift,-33.88516272,151.0118417,
Sefton,Wellington,Rd,Lift,-33.88549648,151.0117978,
Sefton,Helen,St,Stairs,-33.88516069,151.0116714,
Sefton,Wellington,Rd,Stairs,-33.88543207,151.0116221,
Seven Hills,Prospect,Hwy,Stairs,-33.77410577,150.9361911,
Seven Hills,The Hills,Cres,Lift,-33.77455756,150.9361722,
Seven Hills,Prospect,Hwy,Lift,-33.77407161,150.9360893,
Seven Hills,Prospect,Hwy,Ramp,-33.77410285,150.9359253,
Seven Hills,The Hills,Cres,Ramp,-33.77452,150.935432,
Shellharbour,Piper,Dr,Lift,-34.59125149,150.8448185,
Shellharbour,Piper,Dr,Stairs,-34.5913074,150.8448018,
Shellharbour,Piper,Dr,Lift,-34.59122591,150.8446697,
Shellharbour,Piper,Dr,Stairs,-34.59128718,150.8446519,
Singleton,Munro,St,Ramp,-32.57196082,151.1656827,
Singleton,Munro,St,Ramp,-32.5718537,151.1655409,
Singleton,Munro,St,Path,-32.57183342,151.1654861,
Springwood,Macquarie ,Rd,Stairs,-33.69918984,150.5636973,
Springwood,Macquarie ,Rd,Ramp,-33.69936145,150.5635226,
Springwood,Station,St,Ramp,-33.69896475,150.5633045,
St James,James,Rd,Stairs,-33.86992775,151.2114985,
St James,James,Rd,Ramp,-33.87003326,151.2112893,
St James,Elizabeth,St,Lift,-33.870678,151.2104842,
St James,Elizabeth,St,Stairs,-33.87074951,151.2104486,
St Leonards,Sergeants,Lane,Stairs,-33.82224634,151.1947629,
St Leonards,Sergeants,Lane,Lift,-33.82222391,151.1947607,
St Leonards,Herbert,St,Lift,-33.82232319,151.1936479,
St Leonards,Herbert,St,Stairs,-33.82231649,151.1936088,
St Leonards,Herbert,St,Stairs,-33.82246257,151.1934322,
St Leonards,Herbert,St,Lift,-33.82243079,151.1933676,
St Marys,Forrester,Rd,Lift,-33.76189765,150.7751589,
St Marys,Station,St,Lift,-33.76235089,150.7750575,
St Marys,Forrester,Rd,Stairs,-33.76188001,150.7749259,
St Marys,Station,St,Stairs,-33.76231824,150.774872,
St Peters,May,Lane,Path,-33.90745391,151.1808612,
St Peters,Lord,St,Path,-33.90694267,151.1806495,
Stanmore,Douglas,St,Ramp,-33.89416485,151.1642047,
Stanmore,Trafalgar,St,Ramp,-33.89467603,151.1641571,
Stanwell Park,Railway,Cres,Stairs,-34.22618328,150.9812344,
Stanwell Park,Railway,Cres,Stairs,-34.22614425,150.9810046,
Strathfield,Everton,Rd,Lift,-33.87146835,151.0946037,
Strathfield,Everton,Rd,Stairs,-33.87134403,151.0944811,
Strathfield,Strathfield,Sq,Ramp,-33.87220808,151.0942838,
Strathfield,Albert,Rd,Ramp,-33.87185964,151.0938299,
Summer Hill,Grosvenor ,Cres,Stairs,-33.8901592,151.1389449,
Summer Hill,Carlton,Cres,Lift,-33.89053286,151.1389072,
Summer Hill,Grosvenor ,Cres,Lift,-33.89010644,151.1387528,
Summer Hill,Carlton,Cres,Stairs,-33.89044157,151.1386413,
Summer Hill,Carlton,Cres,Ramp,-33.89043171,151.1386155,
Sutherland,East,Pde,Lift,-34.0315702,151.0574323,
Sutherland,East,Pde,Path,-34.0315567,151.0573425,
Sutherland,East,Pde,Stairs,-34.03183438,151.0569098,
Sutherland,East,Pde,Ramp,-34.03183438,151.0569098,
Sydenham,Gleeson,Ave,Lift,-33.91491191,151.1661011,
Sydenham,Gleeson,Ave,Path,-33.9148634,151.1660472,
Tahmoor,George ,St,Path,-34.22358755,150.5902412,
Tahmoor,Pitt,St,Path,-34.22346581,150.5898308,
Tallong,Railway,Pde,Path,-34.71837568,150.0860928,
Tarro,Woodberry ,Rd,Stairs,-32.80882092,151.6694636,
Tarro,Woodberry ,Rd,Stairs,-32.80889516,151.6693728,
Tascott,Brisbane Water,Dr,Ramp,-33.45083997,151.3188156,
Tascott,Brisbane Water,Dr,Stairs,-33.45088295,151.318787,
Tascott,Glenrock,Pde,Ramp,-33.45077303,151.3187403,
Tascott,Glenrock,Pde,Stairs,-33.45094989,151.3183448,
Taverners Hill LR,Parramatta ,Rd,Lift,-33.8895669,151.145176,
Taverners Hill LR,Parramatta ,Rd,Lift,-33.88990657,151.1451041,
Taverners Hill LR,Parramatta ,Rd,Stairs,-33.88963067,151.1450837,
Taverners Hill LR,Parramatta ,Rd,Stairs,-33.8898685,151.1450731,
Telarah,Johnson,St,Ramp,-32.72323179,151.5398951,
Telarah,Johnson,St,Stairs,-32.72337822,151.5398859,
Telopea,Sturt,St,Path,-33.79400629,151.041781,
Telopea,Sturt,St,Ramp,-33.79424948,151.0415241,
Telopea,Sturt,St,Path,-33.7945703,151.0413839,
Telopea,Adderton,Rd,Ramp,-33.79402152,151.0412637,
Telopea,Adderton,Rd,Stairs,-33.79411509,151.0411954,
Tempe,Griffith,St,Stairs,-33.92369195,151.1567982,
Tempe,Griffith,St,Stairs,-33.92394727,151.15675,
Tempe,Richardson,Cres,Stairs,-33.92358032,151.1564713,
Tempe,Richardson,Cres,Stairs,-33.92389629,151.1563979,
Teralba,William,St,Ramp,-32.96276877,151.60415,
Teralba,William,St,Path,-32.962727,151.6039263,
Teralba,Railway,St,Stairs,-32.96216248,151.6036419,
The Star LR,Pirrama,Rd,Path,-33.8672709,151.1957096,
Thirroul,Station,St,Stairs,-34.31786015,150.9193757,
Thirroul,Station,St,Lift,-34.31799787,150.9192528,
Thirroul,Railway,Pde,Path,-34.31788392,150.918865,
Thirroul,Railway,Pde,Stairs,-34.31795869,150.9188517,
Thornleigh,Railway,Pde,Path,-33.73207901,151.0783738,
Thornleigh,Railway,Pde,Stairs,-33.73211866,151.0783327,
Thornleigh,The Esplanade,,Stairs,-33.73180916,151.0781183,
Thornton,Karuah ,St,Stairs,-32.78357334,151.6399935,
Thornton,Karuah ,St,Lift,-32.78356119,151.6399551,
Toongabbie,Wentworth,Ave,Ramp,-33.78699939,150.9516071,
Toongabbie,Portice,Pde,Ramp,-33.78714281,150.9511669,
Town Hall,George,St,Stairs,-33.87317129,151.2071252,2
Town Hall,George,St,Stairs,-33.87357692,151.2070647,2
Town Hall,George,St,Lift,-33.87389408,151.2070208,2
Town Hall,George,St,Stairs,-33.87394872,151.2070088,2
Town Hall,George,St,Stairs,-33.87324335,151.2067182,5
Town Hall,George,St,Stairs,-33.87300204,151.2066961,5
Town Hall,George,St,Stairs,-33.87416617,151.2066678,4
Town Hall,George,St,Stairs,-33.87370422,151.206619,5
Town Hall,Kent,St,Path,-33.87346213,151.2056759,5
Towradgi,Towradgi,Rd,Ramp,-34.38408404,150.9016675,
Towradgi,Towradgi,Rd,Ramp,-34.38412652,150.9013586,
Tuggerah,Bryant,Dr,Ramp,-33.3077456,151.4204201,
Tuggerah,Bryant,Dr,Stairs,-33.3077456,151.4204201,
Tuggerah,Pacific,Hwy,Ramp,-33.30747496,151.4200755,
Tuggerah,Pacific,Hwy,Stairs,-33.30767799,151.4200382,
Turramurra,Rohini,St,Path,-33.73258953,151.1290978,
Turramurra,William,St,Path,-33.73287787,151.128659,
Turrella,Reede,St,Stairs,-33.92977422,151.1404283,
Unanderra,Berkeley,Rd,Stairs,-34.45512841,150.8460834,
Unanderra,Berkeley,Rd,Stairs,-34.45480327,150.8454954,
Valley Heights,Great Western,Hwy,Stairs,-33.70388256,150.5840807,
Valley Heights,Great Western,Hwy,Ramp,-33.70385585,150.5840194,
Valley Heights,Great Western,Hwy,Stairs,-33.70414867,150.5836892,
Victoria Street,Waller,St,Stairs,-32.75096544,151.5941378,
Victoria Street,Victoria,St,Stairs,-32.7511242,151.5937962,
Villawood,Villawood,St,Stairs,-33.88092102,150.9773626,
Villawood,River,Ave,Stairs,-33.88074082,150.9773471,
Vineyard,Bandon,Rd,Ramp,-33.65018802,150.851063,
Wahroonga,Redleaf,Ave,Stairs,-33.71800187,151.1175185,
Waitara,Alexandria,Pde,Path,-33.71028639,151.105246,
Waitara,Waitara,Ave,Stairs,-33.71065655,151.1049153,
Wallarobba,Wallarobba Brookfield,Rd,Ramp,-32.49615032,151.6956921,
Warabrook,Eucalyptus ,Cres,Ramp,-32.88698384,151.7111872,
Warabrook,Ring,Rd,Ramp,-32.88848678,151.709521,
Waratah,Platt,St,Stairs,-32.90210317,151.731215,
Waratah,Platt,St,Stairs,-32.902354,151.7310238,
Waratah Mills LR,Davis,St,Path,-33.8989622,151.140003,
Waratah Mills LR,Weston,St,Path,-33.8988126,151.1398647,
Warnervale,Warnervale,Rd,Path,-33.2473843,151.4491366,
Warnervale,Warnervale,Rd,Path,-33.24713278,151.4488456,
Warrawee,Warrawee,Ave,Path,-33.72439373,151.1220398,
Warrawee,Heydon,Ave,Path,-33.72454128,151.1217229,
Warrimoo,Railway,Pde,Stairs,-33.72132609,150.6029511,
Warrimoo,Great Western,Hwy,Stairs,-33.721589,150.6027819,
Warrimoo,Great Western,Hwy,Ramp,-33.7215927,150.6027681,
Warrimoo,Great Western,Hwy,Ramp,-33.72206858,150.602657,
Warrimoo,Great Western,Hwy,Stairs,-33.72204408,150.6025654,
Warwick Farm,Warwick,St,Stairs,-33.91318088,150.9353246,
Warwick Farm,Warwick,St,Lift,-33.91340518,150.9352764,
Warwick Farm,Remembrance,Ave,Lift,-33.91324659,150.9349959,
Warwick Farm,Remembrance,Ave,Stairs,-33.91347354,150.9349611,
Waterfall,Kooraban,St,Ramp,-34.13517267,150.994605,
Waverton,Bay,Rd,Path,-33.83756728,151.1974683,
Waverton,Bay,Rd,Path,-33.83761043,151.1973366,
Wentworth Falls,Railway,Pde,Stairs,-33.70932977,150.3764898,
Wentworth Falls,Station,St,Stairs,-33.70952535,150.3761198,
Wentworth Park LR,Pyrmont Bridge,Rd,Path,-33.8742417,151.1940945,
Wentworth Park LR,Wattle,St,Ramp,-33.87506758,151.1935385,
Wentworthville,Wentworth,Ave,Stairs,-33.80686889,150.9725242,
Wentworthville,The Kingsway,,Stairs,-33.80725292,150.972304,
Wentworthville,Wentworth,Ave,Ramp,-33.80667668,150.971932,
Wentworthville,The Kingsway,,Ramp,-33.80706875,150.9718275,
Werrington,Victoria,Lane,Stairs,-33.7590496,150.7575668,
Werrington,Railway,St,Stairs,-33.75924963,150.7575314,
Werrington,Victoria,Lane,Lift,-33.75903757,150.7574454,
Werrington,Railway,St,Lift,-33.75920751,150.7574014,
West Ryde,Railway,Pde,Stairs,-33.80746637,151.0905793,
West Ryde,Railway,Pde,Lift,-33.80747159,151.0904036,
West Ryde,West,Pde,Ramp,-33.80687546,151.0901576,
West Ryde,West,Pde,Ramp,-33.80704425,151.0900831,
West Ryde,West,Pde,Stairs,-33.8074677,151.0899608,
Westmead,Railway,Pde,Stairs,-33.80836116,150.9881873,
Westmead,Alexandria,Ave,Stairs,-33.80870858,150.9878707,
Westmead,Railway,Pde,Ramp,-33.80819002,150.9877158,
Westmead,Alexandria,Ave,Ramp,-33.80864182,150.9876577,
Wiley Park,King Georges ,Rd,Ramp,-33.92278182,151.0680626,
Wiley Park,King Georges ,Rd,Ramp,-33.92270486,151.0680185,
Windsor,George,St,Path,-33.61362381,150.8111058,
Windsor,Cox,St,Path,-33.61292723,150.8090296,
Wingello,Railway,Pde,Path,-34.69233579,150.1583818,
Wingello,Sydney,St,Path,-34.69201661,150.1582058,
Wirragula,Dungog,Rd,Ramp,-32.46292679,151.7424687,
Wolli,Brodie Spark,Dr,Stairs,-33.92867126,151.1544432,
Wolli,Brodie Spark,Dr,Lift,-33.92868435,151.1543587,
Wolli,Discovery Point,Pl,Lift,-33.92884985,151.1538917,
Wolli,Discovery Point,Pl,Stairs,-33.92882963,151.153842,
Wollongong,Crown,St,Path,-34.42582725,150.8886385,
Wollongong,Station,St,Stairs,-34.42673344,150.8885596,
Wollongong,Station,St,Path,-34.42698795,150.8884363,
Wollongong,Crown,St,Lift,-34.42645671,150.8884344,
Wollongong,Crown,St,Lift,-34.42642506,150.8882201,
Wollongong,Crown,St,Path,-34.42587253,150.8882123,
Wollongong,Railway Staiton,Sq,Path,-34.42720865,150.8879475,
Wollongong,Railway Staiton,Sq,Ramp,-34.42679193,150.8878175,
Wollstonecraft,Milner,Cres,Path,-33.8315907,151.1925953,
Wollstonecraft,Shirley,Rd,Ramp,-33.83245952,151.1921823,
Wollstonecraft,Shirley,Rd,Path,-33.8326745,151.1917926,
Wollstonecraft,Milray,Ave,Path,-33.83146743,151.1915732,
Wombarra,Morrison,Ave,Stairs,-34.27545316,150.9536753,
Wombarra,Morrison,Ave,Stairs,-34.27530416,150.9535083,
Wondabyne,Wondabyne Wharf,,Ramp,-33.49202131,151.2571482,
Woodford,Railway,Pde,Stairs,-33.7357511,150.4821963,
Woodford,Great Western,Hwy,Ramp,-33.73546893,150.4818417,
Woodford,Great Western,Hwy,Ramp,-33.73526715,150.4808855,
Woolooware,Swan,St N,Stairs,-34.04741225,151.1437622,
Woolooware,Swan,St N,Lift,-34.04744884,151.1437013,
Woolooware,Swan,St,Stairs,-34.04769831,151.1436487,
Woolooware,Swan,St,Lift,-34.04765603,151.1435849,
Woonona,Park,Rd,Ramp,-34.34939351,150.9153897,
Woonona,Railway,Pde,Stairs,-34.34956158,150.91536,
Woonona,Park,Rd,Ramp,-34.34932926,150.9151104,
Woy Woy,Blackwall,Rd,Path,-33.48597397,151.324352,
Woy Woy,Railway,St,Ramp,-33.48527377,151.3237255,
Woy Woy,Railway,St,Lift,-33.48585711,151.3233847,
Woy Woy,Railway,St,Stairs,-33.48597825,151.3232156,
Wyee,Wyee,Rd,Ramp,-33.17984054,151.48724,
Wyee,Gorokan,Rd,Stairs,-33.180164,151.4868566,
Wynyard,Carrington,St,Stairs,-33.86553906,151.2063145,1
Wynyard,Carrington,St,Stairs,-33.86583394,151.2062822,1
Wynyard,Carrington,St,Path,-33.86572268,151.206269,1
Wynyard,Carrington,St,Lift,-33.86570502,151.2061027,1
Wynyard,York,St,Stairs,-33.86566282,151.2059726,3
Wynyard,York,St,Stairs,-33.86575654,151.2059633,3
Wynyard,York,St,Path,-33.86560119,151.2055201,3
Wynyard,Jamison,St,Path,-33.86445369,151.2053161,
Wynyard,Clarence,St,Lift,-33.86572968,151.2050799,4
Wynyard,Clarence,St,Path,-33.86564376,151.2050042,4
Wynyard,Clarence,St,Stairs,-33.86562889,151.2048,4
Wynyard,Napoleon,St,Path,-33.86524696,151.20397,
Wynyard,Napoleon,St,Lift,-33.86534132,151.203967,
Wyong,Howarth,St,Stairs,-33.28508373,151.4255992,
Wyong,Howarth,St,Lift,-33.2853325,151.4255494,
Wyong,Pacific,Hwy,Lift,-33.28524935,151.4252208,
Wyong,Pacific,Hwy,Stairs,-33.2853225,151.4251587,
Yagoona,Hume,Hwy,Path,-33.90733106,151.0246767,
Yennora,Railway,St,Stairs,-33.86488282,150.97104,
Yennora,Nelson,Rd,Stairs,-33.86462082,150.9709456,
Yennora,Railway,St,Stairs,-33.86498836,150.9708084,
Yennora,Railway,St,Ramp,-33.86502912,150.9707162,
Yerrinbool,Old Hume,Hwy,Path,-34.37159251,150.5434481,
Zig Zag,Bells,Rd,Stairs,-33.47184198,150.2021194,
